{
  "val_fpr_target": 0.01,
  "val_threshold": 0.1971106380224228,
  "val_fpr": 0.006172839506172839,
  "val_tpr": 0.9896507115135834
}